{
  "fused": {
    "AUROC": 0.7630272952853597,
    "AUPRC": 0.7349814875954479,
    "Accuracy": 0.7192982456140351,
    "Sensitivity": 0.6346153846153846,
    "Specificity": 0.7903225806451613,
    "PPV": 0.717391304347826,
    "NPV": 0.7205882352941176,
    "Brier": 0.19732548795770016,
    "CM": [
      49,
      13,
      19,
      33
    ]
  },
  "base": {
    "AUROC": 0.7202233250620348,
    "AUPRC": 0.6448055250927776,
    "Accuracy": 0.6578947368421053,
    "Sensitivity": 0.5192307692307693,
    "Specificity": 0.7741935483870968,
    "PPV": 0.6585365853658537,
    "NPV": 0.6575342465753424,
    "Brier": 0.2196310327957297,
    "CM": [
      48,
      14,
      25,
      27
    ]
  },
  "image": {
    "AUROC": 0.6994416873449131,
    "AUPRC": 0.5716427596763345,
    "Accuracy": 0.6491228070175439,
    "Sensitivity": 0.7884615384615384,
    "Specificity": 0.532258064516129,
    "PPV": 0.5857142857142857,
    "NPV": 0.75,
    "Brier": 0.23613402608707185,
    "CM": [
      33,
      29,
      11,
      41
    ]
  },
  "fused_CI": {
    "AUROC": [
      0.6733870967741936,
      0.8461616004962779
    ],
    "AUPRC": [
      0.6378220818342588,
      0.8366328807108161
    ],
    "Accuracy": [
      0.6403508771929824,
      0.7982456140350878
    ],
    "Sensitivity": [
      0.5,
      0.7692307692307693
    ],
    "Specificity": [
      0.6935483870967742,
      0.8870967741935484
    ],
    "PPV": [
      0.614025119617225,
      0.8292682926829268
    ],
    "NPV": [
      0.647887323943662,
      0.8
    ],
    "Brier": [
      0.15964628000745926,
      0.2359797697638962
    ]
  },
  "base_CI": {
    "AUROC": [
      0.6274736352357321,
      0.8107940446650124
    ],
    "AUPRC": [
      0.5499268207701095,
      0.7661539624631803
    ]
  },
  "delta": {
    "dAUROC": 0.04280397022332494,
    "dAUROC_CI": [
      0.008995037220843716,
      0.07847394540942931
    ],
    "p_AUROC": 0.0124,
    "dAUPRC": 0.09017596250267035,
    "dAUPRC_CI": [
      0.04290588585632632,
      0.1307933635343742
    ],
    "p_AUPRC": 0.0002
  }
}