{
  "fused": {
    "AUROC": 0.8129652605459057,
    "AUPRC": 0.7999988921805268,
    "Accuracy": 0.7368421052631579,
    "Sensitivity": 0.6923076923076923,
    "Specificity": 0.7741935483870968,
    "PPV": 0.72,
    "NPV": 0.75,
    "Brier": 0.17437581938208202,
    "CM": [
      48,
      14,
      16,
      36
    ]
  },
  "base": {
    "AUROC": 0.7813275434243176,
    "AUPRC": 0.7394902650714682,
    "Accuracy": 0.7280701754385965,
    "Sensitivity": 0.7692307692307693,
    "Specificity": 0.6935483870967742,
    "PPV": 0.6779661016949152,
    "NPV": 0.7818181818181819,
    "Brier": 0.19044814629375212,
    "CM": [
      43,
      19,
      12,
      40
    ]
  },
  "image": {
    "AUROC": 0.748759305210918,
    "AUPRC": 0.7097705689964119,
    "Accuracy": 0.49122807017543857,
    "Sensitivity": 1.0,
    "Specificity": 0.06451612903225806,
    "PPV": 0.4727272727272727,
    "NPV": 1.0,
    "Brier": 0.2650950757823789,
    "CM": [
      4,
      58,
      0,
      52
    ]
  },
  "fused_CI": {
    "AUROC": [
      0.7292183622828785,
      0.88710452853598
    ],
    "AUPRC": [
      0.7079492426373366,
      0.8878485513859455
    ],
    "Accuracy": [
      0.6578947368421053,
      0.8157894736842105
    ],
    "Sensitivity": [
      0.5576923076923077,
      0.8076923076923077
    ],
    "Specificity": [
      0.6612903225806451,
      0.8709677419354839
    ],
    "PPV": [
      0.6226415094339622,
      0.8260869565217391
    ],
    "NPV": [
      0.671875,
      0.8360655737704918
    ],
    "Brier": [
      0.1423672969846734,
      0.2079323108100696
    ]
  },
  "base_CI": {
    "AUROC": [
      0.6929280397022333,
      0.8622828784119106
    ],
    "AUPRC": [
      0.6397967429495772,
      0.8469344437044957
    ]
  },
  "delta": {
    "dAUROC": 0.03163771712158803,
    "dAUROC_CI": [
      0.0021712158808933043,
      0.06389578163771703
    ],
    "p_AUROC": 0.0372,
    "dAUPRC": 0.06050862710905858,
    "dAUPRC_CI": [
      0.013267244497601402,
      0.11007017488485552
    ],
    "p_AUPRC": 0.0056
  }
}